,StudentID,Timestamp,state,prop,leaning,topUrl,isRelevant,isAd,non_us_loc,issues
0,0,2020-10-30 09:09:55,CA,22,1,https://yeson22.com/?gclid=CjwKCAjw8-78BRA0EiwAFUw8LCCo46u1v2spw-run-3no2b3s_WksiITZT6WxIiVUGFHYM9_lCjt1RoC99MQAvD_BwE,TRUE,TRUE,,"Not related to data collection, but I could not include my time zone when answering the ""What time did you perform the search?"" question. "
0,0,2020-10-30 09:09:55,CA,24,1,https://www.caprivacy.org/?utm_source=google&utm_medium=search&utm_campaign=prop24&utm_content=kids,TRUE,TRUE,,"Not related to data collection, but I could not include my time zone when answering the ""What time did you perform the search?"" question. "
1,1,2020-10-30 09:15:31,CA,22,1,https://yeson22.com/?gclid=CjwKCAjw8-78BRA0EiwAFUw8LF9AGMpTq-9lWQyJqAXobUgpGxjf1yHrvdVpVJEUnIL08bTDGe_1jRoCIGkQAvD_BwE,TRUE,TRUE,,
1,1,2020-10-30 09:15:31,CA,24,0,"https://ballotpedia.org/California_Proposition_24,_Consumer_Personal_Information_Law_and_Agency_Initiative_(2020)",TRUE,FALSE,,
2,2,2020-10-30 09:17:12,Intl,22,0,"https://ballotpedia.org/California_Proposition_22,_App-Based_Drivers_as_Contractors_and_Labor_Policies_Initiative_(2020)",TRUE,FALSE,South Korea,
2,2,2020-10-30 09:17:12,Intl,24,-1,https://www.nytimes.com/2020/10/28/opinion/california-prop-24-privacy.html,TRUE,FALSE,South Korea,
3,3,2020-10-30 09:19:50,CA,22,1,https://yeson22.com/?gclid=CjwKCAjw8-78BRA0EiwAFUw8LL3AfFuT-RZkEZ9BQkmBTIZL_vnFcP3olgcriB7qcxOXCr9rDaatyhoC14EQAvD_BwE,TRUE,TRUE,,
3,3,2020-10-30 09:19:50,CA,24,1,https://www.caprivacy.org/?utm_source=google&utm_medium=search&utm_campaign=prop24&utm_content=kids,TRUE,TRUE,,
4,4,2020-10-30 09:20:25,CA,22,0,"https://ballotpedia.org/California_Proposition_22,_App-Based_Drivers_as_Contractors_and_Labor_Policies_Initiative_(2020)",TRUE,FALSE,,
4,4,2020-10-30 09:20:25,CA,24,0,"https://ballotpedia.org/California_Proposition_24,_Consumer_Personal_Information_Law_and_Agency_Initiative_(2020)",TRUE,FALSE,,
5,5,2020-10-30 09:48:46,Intl,22,1,https://www.theverge.com/2020/10/29/21539902/uber-drivers-lawsuit-tro-court-reject-prop-22-app,TRUE,FALSE,Indonesia,
5,5,2020-10-30 09:48:46,Intl,24,-1,https://www.nytimes.com/2020/10/28/opinion/california-prop-24-privacy.html,TRUE,FALSE,Indonesia,
6,6,2020-10-30 10:35:31,CA,22,1,https://yeson22.com/,TRUE,TRUE,,
6,6,2020-10-30 10:35:31,CA,24,0,"https://ballotpedia.org/California_Proposition_24,_Consumer_Personal_Information_Law_and_Agency_Initiative_(2020)",TRUE,FALSE,,
7,7,2020-10-30 10:35:43,CA,24,1,https://www.google.com/search?q=prop+24&oq=prop+24&aqs=chrome..69i57j35i39i457j0i67i131i433l2j0i20i131i263i433j69i60l3.1278j0j9&sourceid=chrome&ie=UTF-8,TRUE,TRUE,,No
7,7,2020-10-30 10:35:43,CA,22,1,https://www.google.com/search?q=prop+22&oq=prop+22&aqs=chrome..69i57j0i131i433l2j0j0i131i433l3j0i433.1022j0j7&sourceid=chrome&ie=UTF-8,TRUE,TRUE,,No
8,8,2020-10-30 11:23:26,CA,24,0,"https://ballotpedia.org/California_Proposition_24,_Consumer_Personal_Information_Law_and_Agency_Initiative_(2020)",TRUE,FALSE,,
8,8,2020-10-30 11:23:26,CA,22,1,www.yeson22.com,TRUE,TRUE,,
9,9,2020-10-30 11:41:02,CA,24,0,"https://ballotpedia.org/California_Proposition_24,_Consumer_Personal_Information_Law_and_Agency_Initiative_(2020)",TRUE,FALSE,,
9,9,2020-10-30 11:41:02,CA,22,1,www.yeson22.com,TRUE,TRUE,,
10,10,2020-10-30 11:46:40,CA,24,1,https://www.caprivacy.org/?utm_source=google&utm_medium=search&utm_campaign=prop24&utm_content=kids,TRUE,TRUE,,No
10,10,2020-10-30 11:46:40,CA,22,1,https://yeson22.com/?gclid=CjwKCAjw8-78BRA0EiwAFUw8LHaIcthZiP5EhSOsEOqCYwuVgclGa-74QRu-SVrnTKTzgcB-_s5FkhoC5UYQAvD_BwE,TRUE,TRUE,,No
11,11,2020-10-30 14:51:45,CA,24,1,https://www.caprivacy.org/?utm_source=google&utm_medium=search&utm_campaign=prop24&utm_content=kids,TRUE,TRUE,,
11,11,2020-10-30 14:51:45,CA,22,1,https://yeson22.com/?gclid=EAIaIQobChMIyI6osaXd7AIVfj6tBh18SgjZEAAYASAAEgK9j_D_BwE,TRUE,TRUE,,
12,12,2020-10-30 16:04:14,IL,22,0,"https://ballotpedia.org/California_Proposition_22,_App-Based_Drivers_as_Contractors_and_Labor_Policies_Initiative_(2020)",TRUE,FALSE,,
12,12,2020-10-30 16:04:14,IL,24,0,"https://ballotpedia.org/California_Proposition_24,_Consumer_Personal_Information_Law_and_Agency_Initiative_(2020)",TRUE,FALSE,,
13,13,2020-10-30 17:37:24,CA,24,0,"https://ballotpedia.org/California_Proposition_24,_Consumer_Personal_Information_Law_and_Agency_Initiative_(2020)",TRUE,FALSE,,
13,13,2020-10-30 17:37:24,CA,22,0,"https://ballotpedia.org/California_Proposition_22,_App-Based_Drivers_as_Contractors_and_Labor_Policies_Initiative_(2020)",TRUE,FALSE,,
14,14,2020-10-30 18:38:23,CA,22,1,,TRUE,TRUE,,
14,14,2020-10-30 18:38:23,CA,24,1,,TRUE,TRUE,,
15,15,2020-10-30 19:55:15,CA,24,1,https://www.caprivacy.org/?utm_source=google&utm_medium=search&utm_campaign=prop24&utm_content=kids,TRUE,TRUE,,
15,15,2020-10-30 19:55:15,CA,22,1,https://yeson22.com/?gclid=CjwKCAjw8-78BRA0EiwAFUw8LAesKyNaIqGs0nm0vLaNRiqkj00_fH9iDGCtpH6aqqxP0QbQSJM5RRoCGZ4QAvD_BwE,TRUE,TRUE,,
16,16,2020-10-30 20:31:13,CA,24,1,https://www.caprivacy.org/?utm_source=google&utm_medium=search&utm_campaign=prop24&utm_content=kids,TRUE,TRUE,,
16,16,2020-10-30 20:31:13,CA,22,1,https://yeson22.com/?gclid=CjwKCAjw8-78BRA0EiwAFUw8LG0xq1TGmAb1UICeaGq1UDmyK2WHoy6RSxNCgb8io3MS0HAyH0TpnRoC6VMQAvD_BwE,TRUE,TRUE,,
17,17,2020-10-30 22:42:53,CA,24,1,https://www.caprivacy.org/?utm_source=google&utm_medium=search&utm_campaign=prop24&utm_content=kids,TRUE,TRUE,,
17,17,2020-10-30 22:42:53,CA,22,1,https://yeson22.com/?gclid=CjwKCAjw8-78BRA0EiwAFUw8LMtEITXZkRDfph4p225F4Iaa2hgVuyBr7AX5O4_2GbdURrsC5Rx6XxoCVy8QAvD_BwE,TRUE,TRUE,,
18,18,2020-10-30 23:09:51,CA,22,1,,TRUE,TRUE,,
18,18,2020-10-30 23:09:51,CA,24,1,,TRUE,TRUE,,
19,19,2020-10-31 07:15:15,Intl,22,0,https://www.google.com/search?q=prop+22&oq=prop&aqs=chrome.0.69i59j46i175i199i433j69i57j0j0i433j46i131i433j46i175i199i433j69i60.1178j0j7&sourceid=chrome&ie=UTF-8,TRUE,FALSE,Singapore,"Google has a snippet of ""top stories"" that sometimes included for, against and neutral sources. Hence, it was challenging to pinpoint the sentiment of the top result."
19,19,2020-10-31 07:15:15,Intl,24,-1,,TRUE,FALSE,Singapore,"Google has a snippet of ""top stories"" that sometimes included for, against and neutral sources. Hence, it was challenging to pinpoint the sentiment of the top result."
20,20,2020-10-31 09:36:55,CA,22,0,"https://ballotpedia.org/California_Proposition_22,_App-Based_Drivers_as_Contractors_and_Labor_Policies_Initiative_%282020%29",TRUE,FALSE,,The prop22 auto-fill link was different from the first link on the page; I wonder how they choose which website will auto-fill as you're searching. (Maybe I had looked this up in the past I'm not sure)
20,20,2020-10-31 09:36:55,CA,24,0,"https://ballotpedia.org/California_Proposition_24,_Consumer_Personal_Information_Law_and_Agency_Initiative_%282020%29",TRUE,FALSE,,The prop22 auto-fill link was different from the first link on the page; I wonder how they choose which website will auto-fill as you're searching. (Maybe I had looked this up in the past I'm not sure)
21,21,2020-10-31 21:10:14,CA,24,,https://keepcalsafe.org/,FALSE,TRUE,,
21,21,2020-10-31 21:10:14,CA,22,1,https://yeson22.com/?gclid=Cj0KCQjwlvT8BRDeARIsAACRFiX43QF8710b_zyv9mBCCtY9t1DS9F-ZGcy7abDAOQuvbId01Z3pJRQaAtZ3EALw_wcB,TRUE,TRUE,,
22,22,2020-10-31 23:46:35,CA,22,1,https://yeson22.com/?gclid=Cj0KCQjwlvT8BRDeARIsAACRFiUeGt_2PeOrn1aLdYtnu0lXD7g6hs17oEau3yjJxxoW2FOA6pTmDswaAmEVEALw_wcB,TRUE,TRUE,,I didn't have any issues with data collection
22,22,2020-10-31 23:46:35,CA,24,1,https://www.caprivacy.org/?utm_source=google&utm_medium=search&utm_campaign=prop24&utm_content=kids,TRUE,TRUE,,I didn't have any issues with data collection
23,23,2020-11-01 11:07:36,CA,22,0,"https://ballotpedia.org/California_Proposition_22,_App-Based_Drivers_as_Contractors_and_Labor_Policies_Initiative_(2020)",TRUE,FALSE,,I was pretty much garunteed not to get ads since I use an adblocker. Not really a complication but a factor that will affect results. 
23,23,2020-11-01 11:07:36,CA,24,0,"https://ballotpedia.org/California_Proposition_24,_Consumer_Personal_Information_Law_and_Agency_Initiative_(2020)",TRUE,FALSE,,I was pretty much garunteed not to get ads since I use an adblocker. Not really a complication but a factor that will affect results. 
24,24,2020-11-01 12:27:00,CA,22,1,,TRUE,TRUE,,
24,24,2020-11-01 12:27:00,CA,24,0,https://calmatters.org/election-2020-guide/proposition-24-data-privacy/,TRUE,FALSE,,
25,25,2020-11-01 13:48:32,CA,24,1,https://www.caprivacy.org/?utm_source=google&utm_medium=search&utm_campaign=prop24&utm_content=kids,TRUE,TRUE,,
25,25,2020-11-01 13:48:32,CA,22,1,,TRUE,TRUE,,
26,26,2020-11-01 14:51:51,CA,22,1,https://yeson22.com/?gclid=Cj0KCQjwufn8BRCwARIsAKzP694YfszLI5ylNXtsxfmaUn_IU-eYDHTgsycKaoZczgOeYTkpT5jnx4UaAoXZEALw_wcB,TRUE,TRUE,,
26,26,2020-11-01 14:51:51,CA,24,1,https://www.caprivacy.org/?utm_source=google&utm_medium=search&utm_campaign=prop24&utm_content=kids,TRUE,TRUE,,
27,27,2020-11-01 15:50:27,CA,24,0,"https://ballotpedia.org/California_Proposition_24,_Consumer_Personal_Information_Law_and_Agency_Initiative_(2020)",TRUE,FALSE,,
27,27,2020-11-01 15:50:27,CA,22,0,"https://ballotpedia.org/California_Proposition_22,_App-Based_Drivers_as_Contractors_and_Labor_Policies_Initiative_(2020)",TRUE,FALSE,,
28,28,2020-11-01 17:21:32,CA,24,1,https://www.google.com/aclk?sa=l&ai=DChcSEwiivJ3s2OLsAhWPwMAKHST4DtkYABAAGgJpbQ&ae=2&sig=AOD64_3BEOg4aUMnzTV6tNz1YH5Cryi5Mg&q&adurl&ved=2ahUKEwjzqJTs2OLsAhUPSK0KHazBCyMQ0Qx6BAgbEAE,TRUE,TRUE,,
28,28,2020-11-01 17:21:32,CA,22,1,https://www.google.com/aclk?sa=l&ai=DChcSEwisnOfA2OLsAhUw5uMHHV7hAEIYABAAGgJ5bQ&ae=2&sig=AOD64_2iF9BfS93-BeaPA9qa5HcUEAoicw&q&adurl&ved=2ahUKEwjIvt3A2OLsAhUEXKwKHWIUDmYQ0Qx6BAgcEAE,TRUE,TRUE,,
29,29,2020-11-01 17:37:48,CA,24,1,,TRUE,TRUE,,
29,29,2020-11-01 17:37:48,CA,22,1,,TRUE,TRUE,,
30,30,2020-11-01 18:34:15,CA,22,1,https://yeson22.com/?gclid=Cj0KCQjwufn8BRCwARIsAKzP694twBuX3-z7-ncXnEZgIZK3gyZqOULglXVpH0CeD4ae4uROQ475Al4aAkWnEALw_wcB,TRUE,TRUE,,
30,30,2020-11-01 18:34:15,CA,24,1,https://www.caprivacy.org/?utm_source=google&utm_medium=search&utm_campaign=prop24&utm_content=kids,TRUE,TRUE,,
31,31,2020-11-01 20:47:29,CA,24,1,https://www.caprivacy.org/?utm_source=google&utm_medium=search&utm_campaign=prop24&utm_content=kids,TRUE,TRUE,,No.
31,31,2020-11-01 20:47:29,CA,22,1,https://yeson22.com/?gclid=Cj0KCQjwufn8BRCwARIsAKzP695hQBmR2zaYffmb67uo0uJvZhLSsNAE6H7P4v0o0LmdVUMnPFk9LNAaAp0vEALw_wcB,TRUE,TRUE,,No.
32,32,2020-11-01 21:12:29,CA,24,1,https://www.caprivacy.org/?utm_source=google&utm_medium=search&utm_campaign=prop24&utm_content=kids,TRUE,TRUE,,
32,32,2020-11-01 21:12:29,CA,22,1,https://yeson22.com/?gclid=Cj0KCQjwufn8BRCwARIsAKzP695GGh-tpEQWkxddzRpJU7M7iJ2LLAZaVjAtYgz9HfpkLntfQkEMVGcaAuuyEALw_wcB,TRUE,TRUE,,
33,33,2020-11-01 23:34:31,CA,22,1,https://yeson22.com/?gclid=Cj0KCQjwufn8BRCwARIsAKzP697gow5DG8weRoRUKnNctahPajZcz6QhhNS5_KPdUkvSHpIcjRmTyWkaAhuHEALw_wcB,TRUE,TRUE,,
33,33,2020-11-01 23:34:31,CA,24,1,https://www.caprivacy.org/?utm_source=google&utm_medium=search&utm_campaign=prop24&utm_content=kids,TRUE,TRUE,,
34,34,2020-11-02 01:27:05,CA,22,0,"https://ballotpedia.org/California_Proposition_22,_App-Based_Drivers_as_Contractors_and_Labor_Policies_Initiative_(2020)",TRUE,FALSE,,No complications!
34,34,2020-11-02 01:27:05,CA,24,0,"https://ballotpedia.org/California_Proposition_24,_Consumer_Personal_Information_Law_and_Agency_Initiative_(2020)",TRUE,FALSE,,No complications!
35,35,2020-11-02 02:06:14,CA,24,1,,TRUE,TRUE,,
35,35,2020-11-02 02:06:14,CA,22,1,,TRUE,TRUE,,
36,36,2020-11-02 06:35:17,Intl,22,0,"https://ballotpedia.org/California_Proposition_22,_App-Based_Drivers_as_Contractors_and_Labor_Policies_Initiative_(2020)",TRUE,FALSE,Hong Kong,Google may add in top news stories before top result especially for prop 22 as it is heavily debated and mentioned in news articles.
36,36,2020-11-02 06:35:17,Intl,24,0,https://calmatters.org/election-2020-guide/proposition-24-data-privacy/,TRUE,FALSE,Hong Kong,Google may add in top news stories before top result especially for prop 22 as it is heavily debated and mentioned in news articles.
37,37,2020-11-02 09:48:51,CA,24,0,https://www.caprivacy.org/?utm_source=google&utm_medium=search&utm_campaign=prop24&utm_content=kids,TRUE,TRUE,,
37,37,2020-11-02 09:48:51,CA,22,0,https://yeson22.com/?gclid=CjwKCAiA-f78BRBbEiwATKRRBDkzhMvT91CJtZRb67wdAniZfvT5TS2VXZLvBgNU4xPtyNB3Ytj6lBoCNG8QAvD_BwE,TRUE,TRUE,,
38,38,2020-11-02 10:46:43,Intl,24,1,https://www.caprivacy.org/?utm_source=google&utm_medium=search&utm_campaign=prop24&utm_content=kids,TRUE,TRUE,China,Not really
38,38,2020-11-02 10:46:43,Intl,22,1,https://yeson22.com/?gclid=CjwKCAiA-f78BRBbEiwATKRRBAgwcW0h9hC5s5pEhwEbNVYNzcpOwMn6vK4Y6qI2gvN4nU1glNeePhoCu78QAvD_BwE,TRUE,TRUE,China,Not really
39,39,2020-11-02 12:04:12,Intl,24,0,https://calmatters.org/election-2020-guide/proposition-24-data-privacy/,TRUE,FALSE,Croatia,"For the question ""Is the top result for or against CA prop 22?"", I was not completely sure what to answer, but I believe it is neutral, as I answered at the end."
39,39,2020-11-02 12:04:12,Intl,22,0,"https://ballotpedia.org/California_Proposition_22,_App-Based_Drivers_as_Contractors_and_Labor_Policies_Initiative_(2020)",TRUE,FALSE,Croatia,"For the question ""Is the top result for or against CA prop 22?"", I was not completely sure what to answer, but I believe it is neutral, as I answered at the end."
40,40,2020-11-02 13:26:14,CA,24,1,,TRUE,TRUE,,
40,40,2020-11-02 13:26:14,CA,22,1,https://www.google.com/search?q=prop+22&rlz=1C5CHFA_enUS907US907&oq=prop+22&aqs=chrome..69i57j69i59.1496j0j1&sourceid=chrome&ie=UTF-8,TRUE,TRUE,,
41,41,2020-11-02 14:03:29,CA,22,0,"https://ballotpedia.org/California_Proposition_22,_App-Based_Drivers_as_Contractors_and_Labor_Policies_Initiative_(2020)",TRUE,FALSE,,
41,41,2020-11-02 14:03:29,CA,24,0,"https://ballotpedia.org/California_Proposition_24,_Consumer_Personal_Information_Law_and_Agency_Initiative_(2020)",TRUE,FALSE,,
42,42,2020-11-02 14:07:04,CA,24,1,https://www.caprivacy.org/?utm_source=google&utm_medium=search&utm_campaign=prop24&utm_content=kids,TRUE,TRUE,,
42,42,2020-11-02 14:07:04,CA,22,0,"https://ballotpedia.org/California_Proposition_22,_App-Based_Drivers_as_Contractors_and_Labor_Policies_Initiative_(2020)",TRUE,FALSE,,
43,43,2020-11-02 14:07:37,CA,24,1,https://www.caprivacy.org/?utm_source=google&utm_medium=search&utm_campaign=prop24&utm_content=kids,TRUE,TRUE,,
43,43,2020-11-02 14:07:37,CA,22,1,https://yeson22.com/?gclid=CjwKCAiA-f78BRBbEiwATKRRBJgzTDX-FVr0NgABQY-Rq_uBGvq6XDXMhbZFsPI3srEppR767Z259RoCkRoQAvD_BwE,TRUE,TRUE,,
44,44,2020-11-02 14:08:27,CA,24,0,"https://ballotpedia.org/California_Proposition_24,_Consumer_Personal_Information_Law_and_Agency_Initiative_(2020)",TRUE,FALSE,,"No complications, but my data may be biased as I have used ballotpedia extensively to research props/election candidates in the past; google saving my search history may have influenced the search results"
44,44,2020-11-02 14:08:27,CA,22,0,"https://ballotpedia.org/California_Proposition_22,_App-Based_Drivers_as_Contractors_and_Labor_Policies_Initiative_(2020)",TRUE,FALSE,,"No complications, but my data may be biased as I have used ballotpedia extensively to research props/election candidates in the past; google saving my search history may have influenced the search results"
45,45,2020-11-02 14:12:48,Intl,24,0,https://www.nytimes.com/2020/10/28/opinion/california-prop-24-privacy.html,TRUE,FALSE,England,The second result is a new york times opinion piece  about how it's hard to read the whole proposition. It says that the proposition is good content-wise but  has its flaws - so i pegged it as neutral. It might be For too though because the author  seems to be alright with fixing a few things in the prop and then passing it.
45,45,2020-11-02 14:12:48,Intl,22,0,"https://ballotpedia.org/California_Proposition_22,_App-Based_Drivers_as_Contractors_and_Labor_Policies_Initiative_(2020)",TRUE,FALSE,England,The second result is a new york times opinion piece  about how it's hard to read the whole proposition. It says that the proposition is good content-wise but  has its flaws - so i pegged it as neutral. It might be For too though because the author  seems to be alright with fixing a few things in the prop and then passing it.
46,46,2020-11-02 14:16:46,CA,22,1,https://yeson22.com/?gclid=CjwKCAiA-f78BRBbEiwATKRRBMMeArqAyspPcJw9_f1bfYPoGQrIfuKJzdJCqDJA1dsCJI_DSGmPERoC_20QAvD_BwE,TRUE,TRUE,,
46,46,2020-11-02 14:16:46,CA,24,1,https://www.caprivacy.org/?utm_source=google&utm_medium=search&utm_campaign=prop24&utm_content=kids,TRUE,TRUE,,
47,47,2020-11-02 14:20:09,CA,22,1,https://yeson22.com/?gclid=CjwKCAiA-f78BRBbEiwATKRRBFtHHwK8vNWyPjfhWF-TnGHDpZIdhX44yPBeZSD4OD2BcgcHxBf8fhoCTeAQAvD_BwE,TRUE,TRUE,,
47,47,2020-11-02 14:20:09,CA,24,1,https://www.caprivacy.org/?utm_source=google&utm_medium=search&utm_campaign=prop24&utm_content=kids,TRUE,TRUE,,
48,48,2020-11-02 14:30:29,CA,22,1,https://yeson22.com/?gclid=CjwKCAiA-f78BRBbEiwATKRRBH3nF9O6kUSeMVQt8s9NGtz4X4t60yKGFalLhYf7WiLs0lOObNerTBoCbWAQAvD_BwE,TRUE,TRUE,,
48,48,2020-11-02 14:30:29,CA,24,1,https://www.caprivacy.org/?utm_source=google&utm_medium=search&utm_campaign=prop24&utm_content=kids,TRUE,TRUE,,
49,49,2020-11-02 14:37:09,CA,24,1,https://www.caprivacy.org/?utm_source=google&utm_medium=search&utm_campaign=prop24&utm_content=kids,TRUE,TRUE,,no
49,49,2020-11-02 14:37:09,CA,22,1,https://yeson22.com/?gclid=CjwKCAiA-f78BRBbEiwATKRRBNzRUWIULw5JidaA4a_zXL2fuu7WIeVRfOEaN0oTFovkSx92hy1QnhoC0-0QAvD_BwE,TRUE,TRUE,,no
50,50,2020-11-02 14:37:37,CA,24,0,"https://ballotpedia.org/California_Proposition_24,_Consumer_Personal_Information_Law_and_Agency_Initiative_(2020)",TRUE,FALSE,,No complications. I think I was confused on how to categorize the top results for the propositions as biased or neutral.
50,50,2020-11-02 14:37:37,CA,22,0,"https://ballotpedia.org/California_Proposition_22,_App-Based_Drivers_as_Contractors_and_Labor_Policies_Initiative_(2020)",TRUE,FALSE,,No complications. I think I was confused on how to categorize the top results for the propositions as biased or neutral.
51,51,2020-11-02 14:48:35,CA,24,1,https://www.caprivacy.org/?utm_source=google&utm_medium=search&utm_campaign=prop24&utm_content=kids,TRUE,TRUE,,
51,51,2020-11-02 14:48:35,CA,22,1,https://www.google.com/aclk?sa=l&ai=DChcSEwi_r6Kl-OTsAhUc_eMHHRBCChAYABAAGgJ5bQ&ae=2&sig=AOD64_2lPXuhh7z3SV5ANjlBjuPl0myGWQ&q&adurl&ved=2ahUKEwiG2pel-OTsAhUL7awKHbhtDSEQ0Qx6BAgFEAE,TRUE,TRUE,,
52,52,2020-11-02 15:47:38,CA,24,1,https://www.caprivacy.org/?utm_source=google&utm_medium=search&utm_campaign=prop24&utm_content=kids,TRUE,TRUE,,
52,52,2020-11-02 15:47:38,CA,22,1,https://yeson22.com/?gclid=CjwKCAiA-f78BRBbEiwATKRRBI-hIfRnfKKxOX2gLzKdVVVBZ1IqofWlwFLyXUYbt5KqeTy7yqRMHxoCJiAQAvD_BwE,TRUE,TRUE,,
53,53,2020-11-02 15:50:16,CA,24,1,https://www.caprivacy.org/?utm_source=google&utm_medium=search&utm_campaign=prop24&utm_content=kids,TRUE,TRUE,,No
53,53,2020-11-02 15:50:16,CA,22,1,https://yeson22.com/?gclid=CjwKCAiA-f78BRBbEiwATKRRBIM623cIIG6Avzod775Kg4Qi5Dk52CfL6tBjrxy69HLAN6XPnA9TQxoC5-UQAvD_BwE,TRUE,TRUE,,No
54,54,2020-11-02 16:05:42,CA,22,0,"https://ballotpedia.org/California_Proposition_22,_App-Based_Drivers_as_Contractors_and_Labor_Policies_Initiative_(2020)",TRUE,FALSE,,
54,54,2020-11-02 16:05:42,CA,24,0,"https://ballotpedia.org/California_Proposition_24,_Consumer_Personal_Information_Law_and_Agency_Initiative_(2020)",TRUE,FALSE,,
55,55,2020-11-02 16:37:03,CA,22,1,https://yeson22.com/?gclid=CjwKCAiA-f78BRBbEiwATKRRBGvZxaeBGtpx7_VNfc7nJQp2iaYkO1Gbo-KUGCZlvsTnH495xdRTERoCH_cQAvD_BwE,TRUE,TRUE,,
55,55,2020-11-02 16:37:03,CA,24,,https://progressivevotersguide.com/california/2020/general/city/berkeley/?src=G,FALSE,TRUE,,
56,56,2020-11-02 16:50:05,FL,24,1,https://www.google.com/aclk?sa=l&ai=DChcSEwj8jZbYk-XsAhV5H60GHWEOApcYABAAGgJwdg&ae=2&sig=AOD64_28YpOUy9Dv9e3d8sfzTr8MyqReMA&q&adurl&ved=2ahUKEwiC3Y7Yk-XsAhUSLX0KHV1xBhcQ0Qx6BAgbEAE,TRUE,TRUE,,
56,56,2020-11-02 16:50:05,FL,22,1,https://www.google.com/aclk?sa=l&ai=DChcSEwijoLmxk-XsAhWXFq0GHVeZDFsYABAAGgJwdg&ae=2&sig=AOD64_3tVxOwo0nyn-HG8Yv9WjJf1yabuQ&q&adurl&ved=2ahUKEwiG07Gxk-XsAhWnFTQIHQaiCtUQ0Qx6BAgbEAE,TRUE,TRUE,,
57,57,2020-11-02 16:58:57,CA,24,1,caprivacy.org,TRUE,TRUE,,
57,57,2020-11-02 16:58:57,CA,22,1,yeson22.com,TRUE,TRUE,,
58,58,2020-11-02 17:21:15,CA,22,1,,TRUE,TRUE,,
58,58,2020-11-02 17:21:15,CA,24,1,,TRUE,TRUE,,
59,59,2020-11-02 18:09:55,CA,22,1,https://yeson22.com/?gclid=CjwKCAiA-f78BRBbEiwATKRRBFiaBWVB8EwC_nRdieLon8vfOMcV7GxEXcyPftIYpWBibJ_RCzgkyhoCYUYQAvD_BwE,TRUE,TRUE,,
59,59,2020-11-02 18:09:55,CA,24,1,https://www.caprivacy.org/?utm_source=google&utm_medium=search&utm_campaign=prop24&utm_content=kids,TRUE,TRUE,,
60,60,2020-11-02 18:13:07,,24,-1,https://www.nytimes.com/2020/10/28/opinion/california-prop-24-privacy.html,TRUE,FALSE,Taiwan,
60,60,2020-11-02 18:13:07,,22,0,"https://ballotpedia.org/California_Proposition_22,_App-Based_Drivers_as_Contractors_and_Labor_Policies_Initiative_(2020)",TRUE,FALSE,Taiwan,
61,61,2020-11-02 18:25:28,CA,22,1,,TRUE,TRUE,,
61,61,2020-11-02 18:25:28,CA,24,1,CgZwc3ktYWIQAzIECAAQRzIECAAQRzIECAAQRzIECAAQRzIECAAQRzIECAAQRzIECAAQRzIECAAQR1AAWABg3VVoAHADeACAAQCIAQCSAQCYAQCqAQdnd3Mtd2l6yAEIwAEB,TRUE,TRUE,,
62,62,2020-11-02 19:14:01,CA,22,1,https://yeson22.com/?gclid=CjwKCAiA-f78BRBbEiwATKRRBKN9BiO2U4RHiS5XmSc-JQtHEhhP1LwUxTRIluZI1o6YUx-5hLmHaxoCdWUQAvD_BwE,TRUE,TRUE,,
62,62,2020-11-02 19:14:01,CA,24,1,https://www.caprivacy.org/?utm_source=google&utm_medium=search&utm_campaign=prop24&utm_content=kids,TRUE,TRUE,,
63,63,2020-11-02 20:02:25,CA,22,1,https://yeson22.com/?gclid=CjwKCAiA-f78BRBbEiwATKRRBP5is7vtvBv08erYPi68khyW8EKpMRgh6uaC73TMuKg2Db2sT0W-uxoCdvIQAvD_BwE,TRUE,TRUE,,
63,63,2020-11-02 20:02:25,CA,24,1,https://www.caprivacy.org/?utm_source=google&utm_medium=search&utm_campaign=prop24&utm_content=kids,TRUE,TRUE,,
64,64,2020-11-02 20:31:40,CA,22,1,https://yeson22.com/?gclid=CjwKCAiA-f78BRBbEiwATKRRBNB7H2E-dNAs6UQr1iCUatnjsOxLaoE1cIyfLa_KwQ8d0fD0-7ID0BoC1oQQAvD_BwE,TRUE,TRUE,,
64,64,2020-11-02 20:31:40,CA,24,1,https://www.caprivacy.org/?utm_source=google&utm_medium=search&utm_campaign=prop24&utm_content=kids,TRUE,TRUE,,
65,65,2020-11-02 20:38:15,CA,22,1,https://yeson22.com/?gclid=CjwKCAiA-f78BRBbEiwATKRRBDvAvTbR0ypf7kiiFbXGFT_iJH00WX69qtmeYY5vwk_Lm6o7Xwxh1RoClzgQAvD_BwE,TRUE,TRUE,,
65,65,2020-11-02 20:38:15,CA,24,1,https://www.caprivacy.org/?utm_source=google&utm_medium=search&utm_campaign=prop24&utm_content=kids,TRUE,TRUE,,
66,66,2020-11-02 21:26:18,CA,22,0,"https://ballotpedia.org/California_Proposition_22,_App-Based_Drivers_as_Contractors_and_Labor_Policies_Initiative_(2020)",TRUE,FALSE,,I have an adblocker installed in my laptop so I'm not sure if that would affect if the top result is an advertisement. 
66,66,2020-11-02 21:26:18,CA,24,0,"https://ballotpedia.org/California_Proposition_24,_Consumer_Personal_Information_Law_and_Agency_Initiative_(2020)",TRUE,FALSE,,I have an adblocker installed in my laptop so I'm not sure if that would affect if the top result is an advertisement. 
67,67,2020-11-02 22:00:59,CA,22,1,https://yeson22.com/?gclid=CjwKCAiA-f78BRBbEiwATKRRBEm4mWarmv07zLzDX3AdHQ77lyQM431JFNuaH03JzjHsBi8vglJmexoCLYcQAvD_BwE,TRUE,TRUE,,
67,67,2020-11-02 22:00:59,CA,24,0,"https://ballotpedia.org/California_Proposition_24,_Consumer_Personal_Information_Law_and_Agency_Initiative_(2020)",TRUE,FALSE,,
68,68,2020-11-02 23:52:44,WA,22,0,,TRUE,FALSE,,
68,68,2020-11-02 23:52:44,WA,24,0,,TRUE,FALSE,,
69,69,2020-11-02 23:59:41,,22,-1,https://sf.eater.com/2020/11/2/21546110/doordash-uber-prop-22-election-2020-polling,TRUE,FALSE,Peru,
69,69,2020-11-02 23:59:41,,24,0,https://patch.com/california/across-ca/prop-24-california-measures-pros-cons,TRUE,FALSE,Peru,
70,70,2020-11-03 00:25:38,CA,22,1,,TRUE,TRUE,,
70,70,2020-11-03 00:25:38,CA,24,1,,TRUE,TRUE,,
71,71,2020-11-03 03:28:33,CA,22,1,https://yeson22.com/?gclid=CjwKCAiAnIT9BRAmEiwANaoE1RV5JksivUiLgekNwjm1vG_qIivira3FoXSIrkf-zsr5WDVp8Jum8xoCqXwQAvD_BwE,TRUE,TRUE,,
71,71,2020-11-03 03:28:33,CA,24,1,https://www.caprivacy.org/?utm_source=google&utm_medium=search&utm_campaign=prop24&utm_content=kids,TRUE,TRUE,,
72,72,2020-11-03 06:39:02,CA,24,1,https://www.google.com/search?client=safari&rls=en&q=prop+24&ie=UTF-8&oe=UTF-8,TRUE,TRUE,,
72,72,2020-11-03 06:39:02,CA,22,1,https://www.google.com/search?client=safari&rls=en&q=prop+22&ie=UTF-8&oe=UTF-8,TRUE,TRUE,,
73,73,2020-11-03 08:24:41,CA,24,1,,TRUE,TRUE,,
73,73,2020-11-03 08:24:41,CA,22,1,,TRUE,TRUE,,
74,74,2020-11-03 09:01:21,CA,22,1,https://yeson22.com/?gclid=EAIaIQobChMI_Y7t5ezm7AIVSx-tBh0VZAcMEAAYASAAEgKSyPD_BwE,TRUE,TRUE,,
74,74,2020-11-03 09:01:21,CA,24,1,https://www.caprivacy.org/?utm_source=google&utm_medium=search&utm_campaign=prop24&utm_content=kids,TRUE,TRUE,,
75,75,2020-11-03 09:17:54,CA,24,1,caprivacy.com,TRUE,TRUE,,
75,75,2020-11-03 09:17:54,CA,22,1,yeson22.com,TRUE,TRUE,,
76,76,2020-11-03 09:36:06,CA,24,1,,TRUE,TRUE,,i did it on my phone so not sure if the file downloading worked
76,76,2020-11-03 09:36:06,CA,22,1,,TRUE,TRUE,,i did it on my phone so not sure if the file downloading worked
77,77,2020-11-03 10:13:45,NY,24,0,"https://ballotpedia.org/California_Proposition_24,_Consumer_Personal_Information_Law_and_Agency_Initiative_(2020)",TRUE,FALSE,,No
77,77,2020-11-03 10:13:45,NY,22,0,"https://ballotpedia.org/California_Proposition_22,_App-Based_Drivers_as_Contractors_and_Labor_Policies_Initiative_(2020)",TRUE,FALSE,,No
78,78,2020-11-03 10:29:54,MN,22,0,"https://ballotpedia.org/California_Proposition_22,_App-Based_Drivers_as_Contractors_and_Labor_Policies_Initiative_(2020)",TRUE,FALSE,,No
78,78,2020-11-03 10:29:54,MN,24,0,"https://ballotpedia.org/California_Proposition_24,_Consumer_Personal_Information_Law_and_Agency_Initiative_(2020)",TRUE,FALSE,,No
79,79,2020-11-03 10:41:29,CA,22,1,https://yeson22.com/?gclid=EAIaIQobChMIsunK8oLn7AIVZRitBh0-9A8_EAAYASAAEgIczfD_BwE,TRUE,TRUE,,No complications
79,79,2020-11-03 10:41:29,CA,24,1,https://www.caprivacy.org/?utm_source=google&utm_medium=search&utm_campaign=prop24&utm_content=kids,TRUE,TRUE,,No complications
80,80,2020-11-03 11:00:03,CA,22,1,www.yeson22.com,TRUE,TRUE,,
80,80,2020-11-03 11:00:03,CA,24,1,www.carprivacy.org/,TRUE,TRUE,,
81,81,2020-11-03 12:29:24,CA,24,0,"https://ballotpedia.org/California_Proposition_24,_Consumer_Personal_Information_Law_and_Agency_Initiative_(2020)",TRUE,FALSE,,"I have an ad blocker, so some ads supporting/going against props 22 and 24 may have been blocked. "
81,81,2020-11-03 12:29:24,CA,22,0,"https://ballotpedia.org/California_Proposition_22,_App-Based_Drivers_as_Contractors_and_Labor_Policies_Initiative_(2020)",TRUE,FALSE,,"I have an ad blocker, so some ads supporting/going against props 22 and 24 may have been blocked. "
82,82,2020-11-03 12:42:18,CA,22,1,https://yeson22.com/?gclid=CjwKCAiAnIT9BRAmEiwANaoE1eQMeWQYr90l8_41VCF1XnVkweWr7S1gTr9ZdasuzYrFnjFy9xD4nBoCGssQAvD_BwE,TRUE,TRUE,,"I was just confused as to save the Google search as a ""web archive"" or ""page source"" but I figured it out. "
82,82,2020-11-03 12:42:18,CA,24,1,https://www.caprivacy.org/?utm_source=google&utm_medium=search&utm_campaign=prop24&utm_content=kids,TRUE,TRUE,,"I was just confused as to save the Google search as a ""web archive"" or ""page source"" but I figured it out. "
83,83,2020-11-03 13:24:53,CA,24,1,,TRUE,TRUE,,
83,83,2020-11-03 13:24:53,CA,22,1,,TRUE,TRUE,,
84,84,2020-11-03 13:32:58,CA,22,0,"https://ballotpedia.org/California_Proposition_22,_App-Based_Drivers_as_Contractors_and_Labor_Policies_Initiative_(2020)",TRUE,FALSE,,
84,84,2020-11-03 13:32:58,CA,24,0,"https://ballotpedia.org/California_Proposition_24,_Consumer_Personal_Information_Law_and_Agency_Initiative_(2020)",TRUE,FALSE,,
85,85,2020-11-03 14:07:13,CA,24,0,"https://ballotpedia.org/California_Proposition_24,_Consumer_Personal_Information_Law_and_Agency_Initiative_(2020)",TRUE,FALSE,,
85,85,2020-11-03 14:07:13,CA,22,0,"https://ballotpedia.org/California_Proposition_22,_App-Based_Drivers_as_Contractors_and_Labor_Policies_Initiative_(2020)",TRUE,FALSE,,
86,86,2020-11-03 14:56:13,CA,22,1,https://yeson22.com/?gclid=CjwKCAiAnIT9BRAmEiwANaoE1UgH6F4kZc_y5tMWryn7e36cz0dKX3nZv0ImsiGLa_TvTe877Nad0BoCm0AQAvD_BwE,TRUE,TRUE,,"Not really, went smoothly"
86,86,2020-11-03 14:56:13,CA,24,1,https://www.caprivacy.org/?utm_source=google&utm_medium=search&utm_campaign=prop24&utm_content=kids,TRUE,TRUE,,"Not really, went smoothly"
87,87,2020-11-03 16:13:41,CA,24,1,,TRUE,TRUE,,No
87,87,2020-11-03 16:13:41,CA,22,1,,TRUE,TRUE,,No
88,88,2020-11-03 16:18:47,CA,24,1,,TRUE,TRUE,,No
88,88,2020-11-03 16:18:47,CA,22,1,,TRUE,TRUE,,No
89,89,2020-11-03 17:56:13,CA,24,1,https://www.caprivacy.org,TRUE,TRUE,,
89,89,2020-11-03 17:56:13,CA,22,1,https://yeson22.com,TRUE,TRUE,,
90,90,2020-11-03 18:30:32,NY,22,1,www.yeson22.com,TRUE,TRUE,,
90,90,2020-11-03 18:30:32,NY,24,1,www.caprivacy.org,TRUE,TRUE,,
91,91,2020-11-03 18:49:52,CA,24,0,"https://ballotpedia.org/California_Proposition_24,_Consumer_Personal_Information_Law_and_Agency_Initiative_(2020)",TRUE,FALSE,,
91,91,2020-11-03 18:49:52,CA,22,0,"https://ballotpedia.org/California_Proposition_22,_App-Based_Drivers_as_Contractors_and_Labor_Policies_Initiative_(2020)",TRUE,FALSE,,
92,92,2020-11-03 18:52:10,CA,24,1,https://www.caprivacy.org/?utm_source=google&utm_medium=search&utm_campaign=prop24&utm_content=kids,TRUE,FALSE,,
92,92,2020-11-03 18:52:10,CA,22,1,https://calmatters.org/election-2020-guide/proposition-22-gig-workers-ab-5/,TRUE,TRUE,,
93,93,2020-11-03 20:17:38,CA,24,0,"https://ballotpedia.org/California_Proposition_24,_Consumer_Personal_Information_Law_and_Agency_Initiative_(2020)",TRUE,FALSE,,Google displayed their own brief description before the first search result 
93,93,2020-11-03 20:17:38,CA,22,0,"https://ballotpedia.org/California_Proposition_22,_App-Based_Drivers_as_Contractors_and_Labor_Policies_Initiative_(2020)",TRUE,FALSE,,Google displayed their own brief description before the first search result 
94,94,2020-11-03 20:26:49,CA,22,0,"https://ballotpedia.org/California_Proposition_22,_App-Based_Drivers_as_Contractors_and_Labor_Policies_Initiative_(2020)",TRUE,FALSE,,
94,94,2020-11-03 20:26:49,CA,24,0,"https://ballotpedia.org/California_Proposition_24,_Consumer_Personal_Information_Law_and_Agency_Initiative_(2020)",TRUE,FALSE,,
95,95,2020-11-03 20:29:18,,24,0,,TRUE,FALSE,Taiwan,
95,95,2020-11-03 20:29:18,,22,0,,TRUE,FALSE,Taiwan,
96,96,2020-11-03 21:41:58,CA,24,0,"https://ballotpedia.org/California_Proposition_24,_Consumer_Personal_Information_Law_and_Agency_Initiative_(2020)",TRUE,FALSE,,
96,96,2020-11-03 21:41:58,CA,22,0,"https://ballotpedia.org/California_Proposition_22,_App-Based_Drivers_as_Contractors_and_Labor_Policies_Initiative_(2020)",TRUE,FALSE,,
97,97,2020-11-03 22:17:24,CA,24,0,https://www.google.com/search?q=prop+24&oq=prop+24&aqs=chrome.0.69i59j0i67i131i433l3j0i67j0i131i433l3.2486j0j4&sourceid=chrome&ie=UTF-8,TRUE,FALSE,,"I have collected the data after the polls have closed, so my results came up only as the polling results.  "
97,97,2020-11-03 22:17:24,CA,22,0,"https://ballotpedia.org/California_Proposition_22,_App-Based_Drivers_as_Contractors_and_Labor_Policies_Initiative_(2020)",TRUE,FALSE,,"I have collected the data after the polls have closed, so my results came up only as the polling results.  "
98,98,2020-11-03 22:27:50,CA,24,0,"https://ballotpedia.org/California_Proposition_24,_Consumer_Personal_Information_Law_and_Agency_Initiative_(2020)",TRUE,FALSE,,no
98,98,2020-11-03 22:27:50,CA,22,0,"https://ballotpedia.org/California_Proposition_22,_App-Based_Drivers_as_Contractors_and_Labor_Policies_Initiative_(2020)",TRUE,FALSE,,no
99,99,2020-11-03 22:43:41,CA,24,0,"https://ballotpedia.org/California_Proposition_24,_Consumer_Personal_Information_Law_and_Agency_Initiative_(2020)",TRUE,FALSE,,
99,99,2020-11-03 22:43:41,CA,22,0,"https://ballotpedia.org/California_Proposition_22,_App-Based_Drivers_as_Contractors_and_Labor_Policies_Initiative_(2020)",TRUE,FALSE,,
100,100,2020-11-03 23:03:12,CA,24,0,"https://ballotpedia.org/California_Proposition_24,_Consumer_Personal_Information_Law_and_Agency_Initiative_(2020)",TRUE,FALSE,United States,
100,100,2020-11-03 23:03:12,CA,22,0,"https://ballotpedia.org/California_Proposition_22,_App-Based_Drivers_as_Contractors_and_Labor_Policies_Initiative_(2020)",TRUE,FALSE,United States,
101,101,2020-11-03 23:20:32,CA,24,0,"https://ballotpedia.org/California_Proposition_24,_Consumer_Personal_Information_Law_and_Agency_Initiative_(2020)",TRUE,FALSE,,
101,101,2020-11-03 23:20:32,CA,22,0,"https://ballotpedia.org/California_Proposition_22,_App-Based_Drivers_as_Contractors_and_Labor_Policies_Initiative_(2020)",TRUE,FALSE,,
102,102,2020-11-03 23:32:56,CA,22,0,"https://ballotpedia.org/California_Proposition_22,_App-Based_Drivers_as_Contractors_and_Labor_Policies_Initiative_(2020)",TRUE,FALSE,,I am not sure what is classified as the first link!
102,102,2020-11-03 23:32:56,CA,24,0,"https://ballotpedia.org/California_Proposition_24,_Consumer_Personal_Information_Law_and_Agency_Initiative_(2020)",TRUE,FALSE,,I am not sure what is classified as the first link!
103,103,2020-11-03 23:39:40,CA,24,0,"https://ballotpedia.org/California_Proposition_24,_Consumer_Personal_Information_Law_and_Agency_Initiative_(2020)",TRUE,FALSE,,"No complications. Unbiased results
"
103,103,2020-11-03 23:39:40,CA,22,0,"https://ballotpedia.org/California_Proposition_22,_App-Based_Drivers_as_Contractors_and_Labor_Policies_Initiative_(2020)",TRUE,FALSE,,"No complications. Unbiased results
"
104,104,2020-11-03 23:41:44,CA,24,0,https://www.google.com/search?q=prop+24&oq=prop+24&aqs=chrome..69i57j0i131i433l6j0.1311j0j9&sourceid=chrome&ie=UTF-8,TRUE,FALSE,,
104,104,2020-11-03 23:41:44,CA,22,0,https://www.google.com/search?q=prop+22&oq=prop+22&aqs=chrome..69i57j0i131i433l7.617j0j7&sourceid=chrome&ie=UTF-8,TRUE,FALSE,,
105,105,2020-11-04 10:11:10,MD,24,0,"https://ballotpedia.org/California_Proposition_24,_Consumer_Personal_Information_Law_and_Agency_Initiative_(2020)",TRUE,FALSE,,
105,105,2020-11-04 10:11:10,MD,22,0,"https://ballotpedia.org/California_Proposition_22,_App-Based_Drivers_as_Contractors_and_Labor_Policies_Initiative_(2020)",TRUE,FALSE,,
106,106,2020-11-04 11:12:22,CA,24,0,"https://ballotpedia.org/California_Proposition_24,_Consumer_Personal_Information_Law_and_Agency_Initiative_(2020)",TRUE,FALSE,,No complications
106,106,2020-11-04 11:12:22,CA,22,0,https://voterguide.sos.ca.gov/propositions/22/,TRUE,FALSE,,No complications
107,107,2020-11-04 11:35:00,CA,22,0,"https://ballotpedia.org/California_Proposition_22,_App-Based_Drivers_as_Contractors_and_Labor_Policies_Initiative_(2020)",TRUE,FALSE,,
107,107,2020-11-04 11:35:00,CA,24,0,https://www.nytimes.com/2020/10/28/opinion/california-prop-24-privacy.html,TRUE,FALSE,,
